{"username": "abc", "password": "abc", "progress": 0, "health": 100, "items": [], "credit": 0, "start_time": 1660529526.865741, "last_login": 1660529526.8657424}